<?xml version="1.0" encoding="utf-8"?><install version="2.5" type="plugin" group="k2" method="upgrade">	<name>K2_JA_K2_EXTRAFIELDS_INDEXING_NAME</name>	<author>Joomlart.com</author>	<creationDate>May 2012</creationDate>	<authorEmail>webmaster@joomlart.com</authorEmail>	<authorUrl>www.joomlart.com</authorUrl>	<copyright>Copyright (C), J.O.O.M Solutions Co., Ltd. All Rights Reserved.</copyright>	<license>license GNU/GPLv3 http://www.gnu.org/licenses/gpl-3.0.html</license>	<version>1.0.0 Alpha</version>	<description>	<![CDATA[	The JA K2 Extrafields plugin is used to assist the proper functionality of the JA K2 Filter and Search Module.	It is required to run re-indexing of K2 extrafields, if you are installing this on a site with pre-populated K2 content. 	If your K2 installation is fresh, you just need to keep the plugin enabled.	]]>	</description>	<scriptfile>install.php</scriptfile>	<files>		<filename plugin="jak2_indexing">jak2_indexing.php</filename>		<folder>jak2_indexing</folder>	</files>	<languages>        <language tag="en-GB">en-GB.plg_k2_jak2_indexing.ini</language>        <language tag="en-GB">en-GB.plg_k2_jak2_indexing.sys.ini</language>    </languages>    <config>		<fields name="params" addfieldpath="/plugins/k2/jak2_indexing/jak2_indexing/elements/">			<fieldset name="basic">				<field 					name="extrafield_data" type="JAK2IndexForm" 					label="JAK2_EXTRAFIELDS_SELECT_EXTRA_FIELD_LABEL" 					description="JAK2_EXTRAFIELDS_SELECT_EXTRA_FIELD_DESC"					default="" 				/>			</fieldset>		</fields>	</config></install>