<?xml version="1.0" encoding="UTF-8" ?>
<extension version="2.5" client="administrator" type="language" method="upgrade">
	<name>Українська (Україна)</name>
    <tag>uk-UA</tag>
	<version>2.5.9.5</version>
	<creationDate>04.02.2013</creationDate>
	<author>Joomla! Ukraine</author>
	<authorUrl>www.joomla-ua.org</authorUrl>
	<authorEmail>denys@joomla-ua.org</authorEmail>
	<copyright>Copyright (C) 2005 - 2013 Open Source Matters. All rights reserved. Copyright (C) 2006 - 2012 Joomla! Ukraine. All rights reserved.</copyright>
	<license>http://www.gnu.org/licenses/gpl-2.0.html GNU/GPL</license>
	<description>Український переклад фронтальної частини Joomla 2.5.</description>
    <files>
        <filename>index.html</filename>
        <filename>uk-UA.css</filename>
        <filename>uk-UA.com_admin.ini</filename>
        <filename>uk-UA.com_admin.sys.ini</filename>
        <filename>uk-UA.com_banners.ini</filename>
        <filename>uk-UA.com_banners.sys.ini</filename>
        <filename>uk-UA.com_cache.ini</filename>
        <filename>uk-UA.com_cache.sys.ini</filename>
        <filename>uk-UA.com_categories.ini</filename>
        <filename>uk-UA.com_categories.sys.ini</filename>
        <filename>uk-UA.com_checkin.ini</filename>
        <filename>uk-UA.com_checkin.sys.ini</filename>
        <filename>uk-UA.com_config.ini</filename>
        <filename>uk-UA.com_config.sys.ini</filename>
        <filename>uk-UA.com_contact.ini</filename>
        <filename>uk-UA.com_contact.sys.ini</filename>
        <filename>uk-UA.com_content.ini</filename>
        <filename>uk-UA.com_content.sys.ini</filename>
        <filename>uk-UA.com_cpanel.ini</filename>
        <filename>uk-UA.com_cpanel.sys.ini</filename>
        <filename>uk-UA.com_finder.ini</filename>
        <filename>uk-UA.com_finder.sys.ini</filename>
        <filename>uk-UA.com_installer.ini</filename>
        <filename>uk-UA.com_installer.sys.ini</filename>
        <filename>uk-UA.com_joomlaupdate.ini</filename>
        <filename>uk-UA.com_joomlaupdate.sys.ini</filename>
        <filename>uk-UA.com_languages.ini</filename>
        <filename>uk-UA.com_languages.sys.ini</filename>
        <filename>uk-UA.com_login.ini</filename>
        <filename>uk-UA.com_login.sys.ini</filename>
        <filename>uk-UA.com_mailto.sys.ini</filename>
        <filename>uk-UA.com_media.ini</filename>
        <filename>uk-UA.com_media.sys.ini</filename>
        <filename>uk-UA.com_menus.ini</filename>
        <filename>uk-UA.com_menus.sys.ini</filename>
        <filename>uk-UA.com_messages.ini</filename>
        <filename>uk-UA.com_messages.sys.ini</filename>
        <filename>uk-UA.com_modules.ini</filename>
        <filename>uk-UA.com_modules.sys.ini</filename>
        <filename>uk-UA.com_newsfeeds.ini</filename>
        <filename>uk-UA.com_newsfeeds.sys.ini</filename>
        <filename>uk-UA.com_plugins.ini</filename>
        <filename>uk-UA.com_plugins.sys.ini</filename>
        <filename>uk-UA.com_redirect.ini</filename>
        <filename>uk-UA.com_redirect.sys.ini</filename>
        <filename>uk-UA.com_search.ini</filename>
        <filename>uk-UA.com_search.sys.ini</filename>
        <filename>uk-UA.com_templates.ini</filename>
        <filename>uk-UA.com_templates.sys.ini</filename>
        <filename>uk-UA.com_users.ini</filename>
        <filename>uk-UA.com_users.sys.ini</filename>
        <filename>uk-UA.com_weblinks.ini</filename>
        <filename>uk-UA.com_weblinks.sys.ini</filename>
        <filename>uk-UA.com_wrapper.ini</filename>
        <filename>uk-UA.com_wrapper.sys.ini</filename>
        <filename>uk-UA.ini</filename>
        <filename>uk-UA.lib_joomla.ini</filename>
        <filename>uk-UA.localise.php</filename>
        <filename>uk-UA.localise.php_old</filename>
        <filename>uk-UA.mod_custom.ini</filename>
        <filename>uk-UA.mod_custom.sys.ini</filename>
        <filename>uk-UA.mod_feed.ini</filename>
        <filename>uk-UA.mod_feed.sys.ini</filename>
        <filename>uk-UA.mod_latest.ini</filename>
        <filename>uk-UA.mod_latest.sys.ini</filename>
        <filename>uk-UA.mod_logged.ini</filename>
        <filename>uk-UA.mod_logged.sys.ini</filename>
        <filename>uk-UA.mod_login.ini</filename>
        <filename>uk-UA.mod_login.sys.ini</filename>
        <filename>uk-UA.mod_menu.ini</filename>
        <filename>uk-UA.mod_menu.sys.ini</filename>
        <filename>uk-UA.mod_multilangstatus.ini</filename>
        <filename>uk-UA.mod_multilangstatus.sys.ini</filename>
        <filename>uk-UA.mod_popular.ini</filename>
        <filename>uk-UA.mod_popular.sys.ini</filename>
        <filename>uk-UA.mod_quickicon.ini</filename>
        <filename>uk-UA.mod_quickicon.sys.ini</filename>
        <filename>uk-UA.mod_status.ini</filename>
        <filename>uk-UA.mod_status.sys.ini</filename>
        <filename>uk-UA.mod_submenu.ini</filename>
        <filename>uk-UA.mod_submenu.sys.ini</filename>
        <filename>uk-UA.mod_title.ini</filename>
        <filename>uk-UA.mod_title.sys.ini</filename>
        <filename>uk-UA.mod_toolbar.ini</filename>
        <filename>uk-UA.mod_toolbar.sys.ini</filename>
        <filename>uk-UA.mod_version.ini</filename>
        <filename>uk-UA.mod_version.sys.ini</filename>
        <filename>uk-UA.plg_authentication_gmail.ini</filename>
        <filename>uk-UA.plg_authentication_gmail.sys.ini</filename>
        <filename>uk-UA.plg_authentication_joomla.ini</filename>
        <filename>uk-UA.plg_authentication_joomla.sys.ini</filename>
        <filename>uk-UA.plg_authentication_ldap.ini</filename>
        <filename>uk-UA.plg_authentication_ldap.sys.ini</filename>
        <filename>uk-UA.plg_captcha_recaptcha.ini</filename>
        <filename>uk-UA.plg_captcha_recaptcha.sys.ini</filename>
        <filename>uk-UA.plg_content_emailcloak.ini</filename>
        <filename>uk-UA.plg_content_emailcloak.sys.ini</filename>
        <filename>uk-UA.plg_content_finder.ini</filename>
        <filename>uk-UA.plg_content_finder.sys.ini</filename>
        <filename>uk-UA.plg_content_geshi.ini</filename>
        <filename>uk-UA.plg_content_geshi.sys.ini</filename>
        <filename>uk-UA.plg_content_joomla.ini</filename>
        <filename>uk-UA.plg_content_joomla.sys.ini</filename>
        <filename>uk-UA.plg_content_loadmodule.ini</filename>
        <filename>uk-UA.plg_content_loadmodule.sys.ini</filename>
        <filename>uk-UA.plg_content_pagebreak.ini</filename>
        <filename>uk-UA.plg_content_pagebreak.sys.ini</filename>
        <filename>uk-UA.plg_content_pagenavigation.ini</filename>
        <filename>uk-UA.plg_content_pagenavigation.sys.ini</filename>
        <filename>uk-UA.plg_content_vote.ini</filename>
        <filename>uk-UA.plg_content_vote.sys.ini</filename>
        <filename>uk-UA.plg_editors-xtd_article.ini</filename>
        <filename>uk-UA.plg_editors-xtd_article.sys.ini</filename>
        <filename>uk-UA.plg_editors-xtd_image.ini</filename>
        <filename>uk-UA.plg_editors-xtd_image.sys.ini</filename>
        <filename>uk-UA.plg_editors-xtd_pagebreak.ini</filename>
        <filename>uk-UA.plg_editors-xtd_pagebreak.sys.ini</filename>
        <filename>uk-UA.plg_editors-xtd_readmore.ini</filename>
        <filename>uk-UA.plg_editors-xtd_readmore.sys.ini</filename>
        <filename>uk-UA.plg_editors_codemirror.ini</filename>
        <filename>uk-UA.plg_editors_codemirror.sys.ini</filename>
        <filename>uk-UA.plg_editors_none.ini</filename>
        <filename>uk-UA.plg_editors_none.sys.ini</filename>
        <filename>uk-UA.plg_editors_tinymce.ini</filename>
        <filename>uk-UA.plg_editors_tinymce.sys.ini</filename>
        <filename>uk-UA.plg_extension_joomla.ini</filename>
        <filename>uk-UA.plg_extension_joomla.sys.ini</filename>
        <filename>uk-UA.plg_finder_categories.ini</filename>
        <filename>uk-UA.plg_finder_categories.sys.ini</filename>
        <filename>uk-UA.plg_finder_contacts.ini</filename>
        <filename>uk-UA.plg_finder_contacts.sys.ini</filename>
        <filename>uk-UA.plg_finder_content.ini</filename>
        <filename>uk-UA.plg_finder_content.sys.ini</filename>
        <filename>uk-UA.plg_finder_newsfeeds.ini</filename>
        <filename>uk-UA.plg_finder_newsfeeds.sys.ini</filename>
        <filename>uk-UA.plg_finder_weblinks.ini</filename>
        <filename>uk-UA.plg_finder_weblinks.sys.ini</filename>
        <filename>uk-UA.plg_quickicon_extensionupdate.ini</filename>
        <filename>uk-UA.plg_quickicon_extensionupdate.sys.ini</filename>
        <filename>uk-UA.plg_quickicon_joomlaupdate.ini</filename>
        <filename>uk-UA.plg_quickicon_joomlaupdate.sys.ini</filename>
        <filename>uk-UA.plg_search_categories.ini</filename>
        <filename>uk-UA.plg_search_categories.sys.ini</filename>
        <filename>uk-UA.plg_search_contacts.ini</filename>
        <filename>uk-UA.plg_search_contacts.sys.ini</filename>
        <filename>uk-UA.plg_search_content.ini</filename>
        <filename>uk-UA.plg_search_content.sys.ini</filename>
        <filename>uk-UA.plg_search_newsfeeds.ini</filename>
        <filename>uk-UA.plg_search_newsfeeds.sys.ini</filename>
        <filename>uk-UA.plg_search_weblinks.ini</filename>
        <filename>uk-UA.plg_search_weblinks.sys.ini</filename>
        <filename>uk-UA.plg_system_cache.ini</filename>
        <filename>uk-UA.plg_system_cache.sys.ini</filename>
        <filename>uk-UA.plg_system_debug.ini</filename>
        <filename>uk-UA.plg_system_debug.sys.ini</filename>
        <filename>uk-UA.plg_system_highlight.ini</filename>
        <filename>uk-UA.plg_system_highlight.sys.ini</filename>
        <filename>uk-UA.plg_system_languagecode.ini</filename>
        <filename>uk-UA.plg_system_languagecode.sys.ini</filename>
        <filename>uk-UA.plg_system_languagefilter.ini</filename>
        <filename>uk-UA.plg_system_languagefilter.sys.ini</filename>
        <filename>uk-UA.plg_system_log.ini</filename>
        <filename>uk-UA.plg_system_log.sys.ini</filename>
        <filename>uk-UA.plg_system_logout.ini</filename>
        <filename>uk-UA.plg_system_logout.sys.ini</filename>
        <filename>uk-UA.plg_system_p3p.ini</filename>
        <filename>uk-UA.plg_system_p3p.sys.ini</filename>
        <filename>uk-UA.plg_system_redirect.ini</filename>
        <filename>uk-UA.plg_system_redirect.sys.ini</filename>
        <filename>uk-UA.plg_system_remember.ini</filename>
        <filename>uk-UA.plg_system_remember.sys.ini</filename>
        <filename>uk-UA.plg_system_sef.ini</filename>
        <filename>uk-UA.plg_system_sef.sys.ini</filename>
        <filename>uk-UA.plg_user_contactcreator.ini</filename>
        <filename>uk-UA.plg_user_contactcreator.sys.ini</filename>
        <filename>uk-UA.plg_user_joomla.ini</filename>
        <filename>uk-UA.plg_user_joomla.sys.ini</filename>
        <filename>uk-UA.plg_user_profile.ini</filename>
        <filename>uk-UA.plg_user_profile.sys.ini</filename>
        <filename>uk-UA.tpl_bluestork.ini</filename>
        <filename>uk-UA.tpl_bluestork.sys.ini</filename>
        <filename>uk-UA.tpl_hathor.ini</filename>
        <filename>uk-UA.tpl_hathor.sys.ini</filename>
        <filename file="meta">install.xml</filename>
        <filename file="meta">uk-UA.xml</filename>
    </files>
</extension>