<?xml version="1.0" encoding="utf-8"?>
<extension type="module" version="1.6.0" client="administrator" method="upgrade">
	<name>Joomla! Україна Admin Menu</name>
    <creationDate>04.02.2013</creationDate>
    <author>Joomla! Україна</author>
    <authorEmail>denys@joomla.org"</authorEmail>
    <authorUrl>http://www.joomla.org/</authorUrl>
    <copyright>Copyright (C) 2006-2013 Joomla! Україна</copyright>
    <license>GNU General Public License v3</license>
    <version>1.22.0</version>
    <description></description>    
	<description>Модуль додає розділи Joomla! Україна до адміністративного меню</description>
	<files>
		<filename module="mod_jumenu">mod_jumenu.php</filename>
		<filename>helper.php</filename>
        <folder>sql</folder> 
	</files>
	<install>
        <sql>
	       <file driver="mysql" charset="utf8">sql/install.mysql.utf8.sql</file>
	       <file driver="mysqli" charset="utf8">sql/install.mysql.utf8.sql</file>
        </sql>
	</install>

	<uninstall>
	   <sql>
	       <file driver="mysql" charset="utf8">sql/uninstall.mysql.utf8.sql</file>
	       <file driver="mysqli" charset="utf8">sql/uninstall.mysql.utf8.sql</file>
       </sql>
    </uninstall>

	<update>
	    <schemas>
	        <schemapath type="mysql">sql/updates/mysql</schemapath>
	        <schemapath type="mysqli">sql/updates/mysql</schemapath>
	    </schemas>
	</update>
	<params>
	</params>
</extension>